sector,sector_lat,sector_lon,venue_name,venue_id,venue_category,venue_type
1,1.3148320519795194,103.81620061595058,Cluny Court,4b334576f964a520631825e3,Shopping Mall,
1,1.3148320519795194,103.81620061595058,Cold Storage,4b88b35ef964a5208e0932e3,Supermarket,
1,1.3148320519795194,103.81620061595058,Shell Dunearn University,4bb89a6acf2fc9b626a69f02,Gas Station,
1,1.3148320519795194,103.81620061595058,Kids Empire,5057f55fe4b0e276715739b7,Nursery School,
1,1.3148320519795194,103.81620061595058,Cheers,4eb78e176c2590eb88f1d87e,Convenience Store,
1,1.3148320519795194,103.81620061595058,St. Margaret's Secondary School,4bdf6776e75c0f47ca1bcb03,High School,
1,1.3148320519795194,103.81620061595058,Serene Centre,4b56b596f964a520321928e3,Shopping Mall,
1,1.3148320519795194,103.81620061595058,7-Eleven,4c8608ac2f1c236a2a6b5943,Convenience Store,
1,1.3148320519795194,103.81620061595058,7-ELEVEN®,4b62c127f964a5205d512ae3,Convenience Store,
1,1.3148320519795194,103.81620061595058,Julia Gabriel,4c0d9fb42466a593efef7721,School,
1,1.3148320519795194,103.81620061595058,Lee Kuan Yew School of Public Policy,4ba1b2d8f964a52087c837e3,University,
1,1.3148320519795194,103.81620061595058,National University Of Singapore (Bukit Timah Campus),4b67b766f964a520d75b2be3,University,
1,1.3148320519795194,103.81620061595058,Institute Of Policy Studies,4bbda64b8ec3d13aac441c28,General College & University,
1,1.3148320519795194,103.81620061595058,Oei Tiong Ham Building,4e258c1a1f6ee0c70a604610,College Academic Building,
1,1.3148320519795194,103.81620061595058,Manasseh Meyer Building,4b6f9344f964a52083f62ce3,College Academic Building,
1,1.3148320519795194,103.81620061595058,Asia Research Institute (ARI),4b871caff964a52042b131e3,General College & University,
1,1.3148320519795194,103.81620061595058,SOVI Music School,4ec1da86b803bca7df2b5f6f,Student Center,
1,1.3148320519795194,103.81620061595058,Eu Tong Sen Building,4f7d0c75e4b07071b535b224,College Administrative Building,
1,1.3148320519795194,103.81620061595058,PSEB Auditorium,4d899eed6daeb60cdfe152e0,College Auditorium,
1,1.3148320519795194,103.81620061595058,C J Koh Law Library,4c7744f6d06b224b832afed6,College Library,
1,1.3148320519795194,103.81620061595058,SMSS School Hall,4ebb0d68722e58fc9ffeca4f,College Auditorium,
1,1.3148320519795194,103.81620061595058,NUS Faculty Of Law,4b84928af964a5204d3c31e3,Law School,
1,1.3148320519795194,103.81620061595058,School Library,4e2d279114955dbf7aebcef6,College Library,
1,1.3148320519795194,103.81620061595058,Centre For International Law,4cda33d0a1bba35db77a8de5,Law School,
1,1.3148320519795194,103.81620061595058,Singapore International Campus,4bfbbc25f214a5935483af0e,College Residence Hall,
1,1.3148320519795194,103.81620061595058,Fitness Gym @ NUS Law,4f1607a7e4b0960d03627cda,College Gym,
1,1.3148320519795194,103.81620061595058,The Summit,4bbaced298c7ef3b14873302,College Cafeteria,
1,1.3148320519795194,103.81620061595058,CCAB Badminton Court @ Evans Road,4d53e477d4a6721eea2f8fac,College Gym,
1,1.3148320519795194,103.81620061595058,CCAB Hockey Pitch,4bab4768f964a520639d3ae3,College Hockey Rink,
1,1.3148320519795194,103.81620061595058,St Margaret's Secondary School Tennis Courts,4e2fd31efa7614797de6e4a8,College Tennis Court,
1,1.3148320519795194,103.81620061595058,SMSS Indoor Sports Hall,4dd070b4ae603b786d60e8d9,College Stadium,
1,1.3148320519795194,103.81620061595058,SMSS Canteen,4cd9d8896c25b60c19dad24f,College Cafeteria,
2,1.396323177317086,103.92617867065614,Waterway Primary School,56d8e9e0498ec61ebaae52f5,Elementary School,
2,1.396323177317086,103.92617867065614,HAO好mart,5b6b99eb3e70ff002466fb3f,Grocery Store,
3,1.357278108317763,103.7733352932907,Cold Storage,4ba21303f964a520ead937e3,Supermarket,
3,1.357278108317763,103.7733352932907,The Rail Mall,4beec679d355a593844b0b60,Shopping Mall,
3,1.357278108317763,103.7733352932907,Sunny Choice,4b0a1540f964a520a02123e3,Health Food Store,
3,1.357278108317763,103.7733352932907,AV Theatre | Former Ford Factory,4da7e1676e81162ae79c8dfd,Movie Theater,
3,1.357278108317763,103.7733352932907,Parc Palais Condo Minimart,4ced5bd928abb60c3c83b709,Grocery Store,
3,1.357278108317763,103.7733352932907,888 Minimart,59982514acb00b41b99e0740,Convenience Store,
3,1.357278108317763,103.7733352932907,Swallows and Amazons Discovery Centre,5099d02cf2e74061c58f03d8,Nursery School,
3,1.357278108317763,103.7733352932907,German European School Singapore,4bee052f767dc9b6f0e7d3e9,School,
3,1.357278108317763,103.7733352932907,Aspire Hub @ OFS,4ceced7176d66a319ad3bb8a,General College & University,
3,1.357278108317763,103.7733352932907,Trinity Theological College,4b6ec00af964a520efc82ce3,Community College,
3,1.357278108317763,103.7733352932907,Multi Purpose Hall (MPH) at SFMS,4e4b1e557d8b6016b1855a71,College Auditorium,
3,1.357278108317763,103.7733352932907,SFMS's Cafeteria,4e4b1f011838fe3c81844a2c,College Cafeteria,
5,1.3022430326620453,103.88042003723135,Kallang Wave,5375c6e1498e0146ed322006,Shopping Mall,
5,1.3022430326620453,103.88042003723135,Cold Storage,4bc53abc6a3e9c7486b3f548,Supermarket,
5,1.3022430326620453,103.88042003723135,Goodman Arts Centre,4dae6dcb7aba203c0860d16c,Performing Arts Venue,
5,1.3022430326620453,103.88042003723135,Leisure Park Kallang,4b0d0de8f964a520774323e3,Shopping Mall,
5,1.3022430326620453,103.88042003723135,Daiso,53e5f471498ec28b245b02a7,Miscellaneous Shop,
5,1.3022430326620453,103.88042003723135,Fairprice Xtra,53b7a0f0498e33ae0a23cae8,Supermarket,
5,1.3022430326620453,103.88042003723135,Jalan Batu Market & Food Centre,4b5baac0f964a520c20e29e3,Food Court,
5,1.3022430326620453,103.88042003723135,Old Airport Road Food Centre,4b0bcea6f964a520c93323e3,Food Court,
5,1.3022430326620453,103.88042003723135,7-11@Blk 7 Jalan Batu,4cc1ad8de310224b1284316f,Department Store,
5,1.3022430326620453,103.88042003723135,Liang Kee Minimart,4e3e45a7b0fb875af86ddf15,Convenience Store,
5,1.3022430326620453,103.88042003723135,7-Eleven,4cd81443da85224be3a84aca,Convenience Store,
5,1.3022430326620453,103.88042003723135,Kallang Wave Atrium,55572164498e912defd98836,Shopping Mall,
5,1.3022430326620453,103.88042003723135,Shine Korea,502782dee4b0d14d95d55263,Convenience Store,
5,1.3022430326620453,103.88042003723135,Dunman High School,4bb3d3e335f0c9b6bbf2bc83,High School,
5,1.3022430326620453,103.88042003723135,FairPrice,4c3c4752933b0f4772c9e321,Grocery Store,
5,1.3022430326620453,103.88042003723135,Ntuc First Campus,4c69f8ba35d3be9a2cde2006,Nursery School,
5,1.3022430326620453,103.88042003723135,Filmgarde Cineplex,4b121cf3f964a5201d8923e3,Multiplex,
5,1.3022430326620453,103.88042003723135,NTUC FairPrice,4ca86f7614c3370481d3d33b,Supermarket,
5,1.3022430326620453,103.88042003723135,Cradle Room,50fb64cfe4b0c9eead3f5c7f,Nursery School,
5,1.3022430326620453,103.88042003723135,My First Skool,4d6e07ca383637040ac4a1d0,Preschool,
5,1.3022430326620453,103.88042003723135,7-Eleven,4dbd2bb8cda109aa6cad3cfe,Convenience Store,
5,1.3022430326620453,103.88042003723135,7-Eleven,4ddcc5a9e4cdb993eab194ab,Convenience Store,
5,1.3022430326620453,103.88042003723135,Broadrick Secondary School,4c26a13ca852c9288f0be76c,High School,
5,1.3022430326620453,103.88042003723135,7 Eleven @ Guillemard Village,4de394f2c65b7a3e213511d0,Convenience Store,
5,1.3022430326620453,103.88042003723135,Shelton College International,4d2bf023b818a35d104cb48a,College Academic Building,
5,1.3022430326620453,103.88042003723135,Parade Square @ Dhs,4d893771401a224bcb6e8818,General College & University,
5,1.3022430326620453,103.88042003723135,Genius Mind Academy - Mountbatten Centre,4cfefa1a1fcef04d2427c3b9,General College & University,
5,1.3022430326620453,103.88042003723135,PCF Mountbatten Branch,4c6b290f96eaa593cdff21df,College Academic Building,
5,1.3022430326620453,103.88042003723135,Straits Express Restaurant & Bar,541909ae498e14e751244b9a,Restaurant,
5,1.3022430326620453,103.88042003723135,Pat's Schoolhouse,4c0486020d0e0f47e521049a,College Academic Building,
5,1.3022430326620453,103.88042003723135,ChildFirst Preschool @ Mountbatten Square,4d4f7ee67ee1a35d6b257c34,Student Center,
5,1.3022430326620453,103.88042003723135,Chiltern House,50974c1be4b0c953eed3606c,Student Center,
5,1.3022430326620453,103.88042003723135,Hanbridge School @ Mountbatten Centre,4d8c37833cdaa093575c1a09,Student Center,
5,1.3022430326620453,103.88042003723135,Growing Up Gifted,4ca6af40d971b1f7040803e1,Student Center,
5,1.3022430326620453,103.88042003723135,Mountbatten Vocational School,4d4277898b88b1f7bd86eb33,Trade School,
5,1.3022430326620453,103.88042003723135,Curry Times,54310dbe498e283e38bafda3,Snack Place,
5,1.3022430326620453,103.88042003723135,Singapore Indoor Stadium,4b058814f964a5208cb022e3,Stadium,
5,1.3022430326620453,103.88042003723135,Dunman High School Library,4c7f4b49d860b60cc291609d,College Library,
5,1.3022430326620453,103.88042003723135,Jamiyah Islamic Centre,4b6e2b9af964a52063af2ce3,College Administrative Building,
5,1.3022430326620453,103.88042003723135,Science Lab 5,4f66c367e4b098610cf47f15,College Lab,
7,1.3365111335724404,103.96630152157375,Changi City Point,4e925263e5fa72f70fba5010,Shopping Mall,
7,1.3365111335724404,103.96630152157375,Fairprice Xtra,4f966219e4b0b10b9c7268bd,Supermarket,
7,1.3365111335724404,103.96630152157375,UE Bizhub East,4e3b1fa362e19d61094fae3b,Coworking Space,
7,1.3365111335724404,103.96630152157375,Daiso,58843cabe9dad12feb4f5c73,Discount Store,
7,1.3365111335724404,103.96630152157375,7-Eleven,4cbfd4a419ceb1f785cb25cd,Food & Drink Shop,
7,1.3365111335724404,103.96630152157375,Josiah montessori,4db4c3b04b226b343d942c3c,Preschool,
7,1.3365111335724404,103.96630152157375,Fairprice Finest,580d954238fa220b213e511f,Supermarket,
7,1.3365111335724404,103.96630152157375,Valu$,4ec62f006da1d1092cfeecf0,Convenience Store,
7,1.3365111335724404,103.96630152157375,7-Eleven,4c85c3c774d7b60c81b29ed8,Convenience Store,
7,1.3365111335724404,103.96630152157375,7-Eleven,4d285f9e8292236a329b18bb,Convenience Store,
7,1.3365111335724404,103.96630152157375,Charles & Keith,4eb371115c5c5a531f271136,Shoe Store,
7,1.3365111335724404,103.96630152157375,Singtel,4fad0ce1e4b0c811feae3cc7,Shopping Mall,
7,1.3365111335724404,103.96630152157375,One World International School,50ab2e75e4b09282e9bb2ad4,Middle School,
7,1.3365111335724404,103.96630152157375,7-11 @Shells Jln Pergam,4d7b6999645ea35de17431f8,Grocery Store,
7,1.3365111335724404,103.96630152157375,7-Eleven,506d62b9e4b0c6aad79fef05,Convenience Store,
7,1.3365111335724404,103.96630152157375,HAITE - Aviation Training Centre,5384217c498ebb8d532b54b7,University,
7,1.3365111335724404,103.96630152157375,SUTD Sports Hall 1 (61.105a),56ac6f0e498e73225aed9d48,University,
7,1.3365111335724404,103.96630152157375,Singapore University of Technology & Design (SUTD),51399aa0e4b09469fe1f67de,University,
7,1.3365111335724404,103.96630152157375,SUTD-MIT International Design Centre,57b7c37d498ec1f795d317dd,University,
7,1.3365111335724404,103.96630152157375,"ITE College East, Business Block, B03-10",4d535f04f5daa093aa956674,College Classroom,
7,1.3365111335724404,103.96630152157375,Table Manners,5023a6e9e4b09c2bc1093d6f,Gastropub,
7,1.3365111335724404,103.96630152157375,Ya Kun Kaya Toast 亞坤,4ecc98378231bbaf47ac1edd,Coffee Shop,
7,1.3365111335724404,103.96630152157375,Sutd Library (SUTD Library),58db08fbef469469d1dc72a0,College Library,
7,1.3365111335724404,103.96630152157375,Singapore EXPO,4b058819f964a520dcb122e3,Convention Center,
8,1.4446758263723165,103.83675119331743,7-Eleven,4d32f994b6093704c9aafcdf,Convenience Store,
8,1.4446758263723165,103.83675119331743,105 Canberra Street,5dc3aa72a8957c0008e1b6b7,Shopping Mall,
8,1.4446758263723165,103.83675119331743,Ang Mo Supermart (CRB120),5a37352035f9830b3b05068d,Market,
8,1.4446758263723165,103.83675119331743,みつ星 @ Sembawang Shopping Centre,4f51b02be4b09f74b6cc05a2,Convenience Store,
8,1.4446758263723165,103.83675119331743,Sheng Siong Supermarket Pte Ltd,5a766fe6c876c860062e403c,Supermarket,
8,1.4446758263723165,103.83675119331743,Chongfu School,4c81a11347cc224ba87d7e9f,Elementary School,
8,1.4446758263723165,103.83675119331743,Canberra Plaza,5f20422956f7a8681da2f3fd,Shopping Mall,
8,1.4446758263723165,103.83675119331743,Giant Express,4c4bf9e6bad7a593fd9799ac,Grocery Store,
8,1.4446758263723165,103.83675119331743,Giant Yishun 293,52501c0411d26818e267f8db,Supermarket,
8,1.4446758263723165,103.83675119331743,Yishun Wet Market,50c7d7ebe4b0a3ab385bcea6,Market,
8,1.4446758263723165,103.83675119331743,CK Department Store,4d368aeb1b39224bc8559c87,Department Store,
8,1.4446758263723165,103.83675119331743,"iEcon, Toh Eng Lee",4cc28a231e596dcbb506c467,Grocery Store,
8,1.4446758263723165,103.83675119331743,Panindang Pinoy,4f2e5b2fe4b0d337d4dbdd68,Grocery Store,
8,1.4446758263723165,103.83675119331743,Learning @ the Pinnacle,4d886ae75ecdf04dbbf1948a,Student Center,
8,1.4446758263723165,103.83675119331743,Yishun Sapphire Multipurpose Room,4d78675b0ddba35d897f4076,College Quad,
9,1.4039747035040253,103.9613842678897,Chew Teck Seng Provision Shop,4df8115eae608a367ce8c9a5,Convenience Store,
9,1.4039747035040253,103.9613842678897,Yak Hong,4c2710743703d13a0f7ba636,Convenience Store,
10,1.3636938904716682,103.84406028806585,Ang Mo Supermarket,4c6bc1dc7c052d7f22282acf,Grocery Store,
10,1.3636938904716682,103.84406028806585,FairPrice Xtra,4b15f661f964a52012b623e3,Supermarket,
10,1.3636938904716682,103.84406028806585,Kebun Baru Market and Food Centre,4cfcbac434c1a093049a4c0e,Food Court,
10,1.3636938904716682,103.84406028806585,Giant Super,4d11b05685db5481f554c221,Supermarket,
10,1.3636938904716682,103.84406028806585,AMK Hub,4b15f0dcf964a520e3b523e3,Shopping Mall,
10,1.3636938904716682,103.84406028806585,NTUC FairPrice,4ece4dd693ad987b4a9fb4ef,Supermarket,
10,1.3636938904716682,103.84406028806585,NTUC FairPrice,4cefa2364cd4236a0a8db363,Grocery Store,
10,1.3636938904716682,103.84406028806585,NTUC FairPrice,4e28037eb0fba988bb6717dc,Grocery Store,
10,1.3636938904716682,103.84406028806585,Teck Ghee Court Market & Food Centre,4cd2670225ee6dcb79e2430f,Food Court,
10,1.3636938904716682,103.84406028806585,Parade Square @ Amkss,4d34cf4e8250f04d1dc508e1,High School,
10,1.3636938904716682,103.84406028806585,Ang Mo Kio Secondary School,4c2599c9905a0f47ccea6160,High School,
10,1.3636938904716682,103.84406028806585,7-Eleven,4e9196dfd3e3187fc3555bc5,Convenience Store,
10,1.3636938904716682,103.84406028806585,Good Price Centre,4d230aff16cfb60c89396e61,Convenience Store,
10,1.3636938904716682,103.84406028806585,Budget Value (BC Mart),4c8e27924e95236adc5c79ca,Department Store,
10,1.3636938904716682,103.84406028806585,POSB Ang Mo Kio Central Branch,4c8b68711556bfb775ff0093,Shopping Mall,
10,1.3636938904716682,103.84406028806585,Bishan North Shopping Mall,4b507ed4f964a5201b2527e3,Shopping Mall,
10,1.3636938904716682,103.84406028806585,7-Eleven,4ca9065fd971b1f768a51ae1,Convenience Store,
10,1.3636938904716682,103.84406028806585,7-Eleven,4d4192ce90f9224b4e17111e,Food & Drink Shop,
10,1.3636938904716682,103.84406028806585,Cheers,4b8c51a0f964a5204dca32e3,Convenience Store,
10,1.3636938904716682,103.84406028806585,Ang Mo Kio Central Market & Food Centre,4c657dabe2ee9c749ce32d2f,Food Court,
10,1.3636938904716682,103.84406028806585,51@AMK,52b8623c498e59b01070222f,Shopping Mall,
10,1.3636938904716682,103.84406028806585,Cheers,4bbc071e51b89c740a10872a,Convenience Store,
10,1.3636938904716682,103.84406028806585,Sheng Siong Supermarket,4b9b8d9bf964a520fd0e36e3,Supermarket,
10,1.3636938904716682,103.84406028806585,7 Eleven Blk 283 Bishan Street 22,4d1601c2401db60c6c7ae3a4,Convenience Store,
10,1.3636938904716682,103.84406028806585,Cathay Cineplexes,4b1ea142f964a520001d24e3,Multiplex,
10,1.3636938904716682,103.84406028806585,7-Eleven,4d52a834bd6ff04da335fe0c,Grocery Store,
10,1.3636938904716682,103.84406028806585,Econ Minimart,4ccf9ffc5b5ca35d641a77f0,Grocery Store,
10,1.3636938904716682,103.84406028806585,Cash Converters,4bd22a2141b9ef3bf681fde5,Department Store,
10,1.3636938904716682,103.84406028806585,G2000,4c0b90cdbbc676b08cb14bd5,Department Store,
10,1.3636938904716682,103.84406028806585,Cheers,4d7dfe10f635236a19415f16,Convenience Store,
10,1.3636938904716682,103.84406028806585,24 Hour Ntuc,4cee980a7db3224bd897282e,Grocery Store,
10,1.3636938904716682,103.84406028806585,Tay Yong Huat Minimart,4cc00b3b19ceb1f7e8bd26cd,Grocery Store,
10,1.3636938904716682,103.84406028806585,Sheng Siong Supermarket,4b99e5c7f964a520389635e3,Supermarket,
10,1.3636938904716682,103.84406028806585,Ang Mo Kio Xchange,545ab6c4498e3c9303e8683a,Shopping Mall,
10,1.3636938904716682,103.84406028806585,FairPrice Xpress,4d94f70ebee841bda9cd7f3e,Supermarket,
10,1.3636938904716682,103.84406028806585,Broadway Plaza,4bb3682deb3e9521990fcb0a,Shopping Mall,
10,1.3636938904716682,103.84406028806585,Value Dollar Shop,504f1e31e4b099c2816d9e52,Convenience Store,
10,1.3636938904716682,103.84406028806585,my CK Dept Store,4cda56fb930af04dd1518497,Department Store,
10,1.3636938904716682,103.84406028806585,Catholic High School,4b62b588f964a520d34f2ae3,High School,
10,1.3636938904716682,103.84406028806585,Red Tomatoes (S) Pte Ltd,4e9ebe94775b7e725b792c81,Convenience Store,
11,1.4459940663168214,103.7271607470437,Bistro Gardenesia,4ed1db022c5bc35058c6aee3,Restaurant,
12,1.3423697788332056,103.87340413978876,nex,4b5da988f964a520ae6529e3,Shopping Mall,
12,1.3423697788332056,103.87340413978876,Shaw Theatres,4cdd032bd549548190ef44b2,Multiplex,
12,1.3423697788332056,103.87340413978876,Kiddy Palace,4cfe127f7f2db1f7de343bd4,Kids Store,
12,1.3423697788332056,103.87340413978876,Maris Stella High School,4b9b9be4f964a520491336e3,High School,
12,1.3423697788332056,103.87340413978876,Sunflower Little Champs Child Care Center,523437be0493070da32e8e76,Nursery School,
12,1.3423697788332056,103.87340413978876,St. Gabriel's Secondary School,4c3cf7b57d00d13ad5aa3950,High School,
12,1.3423697788332056,103.87340413978876,Star Mart,5500239a498e26d3a6d8a17d,Convenience Store,
12,1.3423697788332056,103.87340413978876,Fossil,4f795eb6e4b0a84b15ac9d83,Department Store,
12,1.3423697788332056,103.87340413978876,Cold Storage,4cdd1df36ad1a093776cf556,Supermarket,
12,1.3423697788332056,103.87340413978876,Econ Minimart @ Lorong Lew Lian,4c30bac8213c2d7f51e0325d,Grocery Store,
12,1.3423697788332056,103.87340413978876,Canteen | Zhonghua Secondary School,4d3fdff9adb6236a4ff88240,High School,
12,1.3423697788332056,103.87340413978876,Stamford American International School,4be792f9c5220f47ccd3a8ca,School,
12,1.3423697788332056,103.87340413978876,Shiseido @ NEX Isetan,4dba4c315da389d2c238e5bf,Department Store,
12,1.3423697788332056,103.87340413978876,Cedar hub,4d48ab967d36f04d087a09e5,High School,
12,1.3423697788332056,103.87340413978876,Tangs Studio,4cdbc84fd4ecb1f78f8c7b48,Department Store,
12,1.3423697788332056,103.87340413978876,Cedar Girls' Secondary School,4c3d70927d002d7fa9ceaf18,High School,
12,1.3423697788332056,103.87340413978876,Garnet Room,4d59ff813281b1f70154c12f,High School,
12,1.3423697788332056,103.87340413978876,Giant Super,4bb4a192f038a5933239daf0,Grocery Store,
12,1.3423697788332056,103.87340413978876,24 Hrs Provision Shop,4dde14bf45dd033c39264d01,Convenience Store,
12,1.3423697788332056,103.87340413978876,7-Eleven,4c74199e604a3704150b7f49,Convenience Store,
12,1.3423697788332056,103.87340413978876,Nichii @ NEX,4d92f1db7b5ea1439a5fbcb8,Clothing Store,
12,1.3423697788332056,103.87340413978876,Buzz @ Blk 326 Serangoon Ave 3,4da50f14a86ed93def2ffd35,Convenience Store,
12,1.3423697788332056,103.87340413978876,Staffroom @ Bartley Secondary School,4c648af85e61d13a05a3b985,High School,
12,1.3423697788332056,103.87340413978876,Yangzheng Primary School,4c20082a63750f47db15bc67,Elementary School,
12,1.3423697788332056,103.87340413978876,7-Eleven,4d1c6abd1cb9a1435479ae2b,Convenience Store,
12,1.3423697788332056,103.87340413978876,Bethany Kindergarten,4d2cf3a3853ff04d60c3c4da,Nursery School,
12,1.3423697788332056,103.87340413978876,London Weight Management,52db649d498e8d4e6b84c842,Shopping Mall,
12,1.3423697788332056,103.87340413978876,Movie Bites @ Shaw Nex,4e74442e483b0cf5ec378899,Hot Dog Joint,
12,1.3423697788332056,103.87340413978876,Eyechamp Optometrists,4d1adaea02a66dcbcaf56365,Optical Shop,
12,1.3423697788332056,103.87340413978876,X-Craft,4f4cbb93e4b063a3e0c8b107,Accessories Store,
12,1.3423697788332056,103.87340413978876,Courts,4cdd1e546ad1a0939a6ef556,Furniture / Home Store,
12,1.3423697788332056,103.87340413978876,Cedar Primary School,4bc807a2af07a593af4c802d,School,
12,1.3423697788332056,103.87340413978876,Aspire Hub Education,4df9bb928877b30c3985b7e2,School,
12,1.3423697788332056,103.87340413978876,Maris Stella Seminar Room 6,4e4a0f07e4cd4fd730000485,College Classroom,
12,1.3423697788332056,103.87340413978876,Kindercampus (s) Pte Ltd,4d3cde00457cb60c5f7af3a4,Student Center,
12,1.3423697788332056,103.87340413978876,MSHS Student Recreation Centre,4de88a2ad4c0faa56431a6e6,Student Center,
12,1.3423697788332056,103.87340413978876,Crestar Institute,4df1729c45dd4e2693380de6,College Academic Building,
12,1.3423697788332056,103.87340413978876,KLC International Institute,5743aef8498ebd60f7052995,College Academic Building,
12,1.3423697788332056,103.87340413978876,Kinderland Serangoon,4c9ac15880958cfa410c46d4,General College & University,
12,1.3423697788332056,103.87340413978876,KLC School of Education,4c036a37310fc9b6dfebc561,General College & University,
13,1.2928250926759022,103.84609161418031,Funan,5c73a4e61acf11002c69c41a,Shopping Mall,
13,1.2928250926759022,103.84609161418031,Capitol Singapore,4ba9af29f964a52050343ae3,Shopping Mall,
13,1.2928250926759022,103.84609161418031,Clarke Quay,4b05880ef964a520d6ae22e3,Shopping Plaza,
13,1.2928250926759022,103.84609161418031,DON DON DONKI,5d41a7bb104e90000820defa,Supermarket,
13,1.2928250926759022,103.84609161418031,Plaza Singapura,4b058815f964a520afb022e3,Shopping Mall,
13,1.2928250926759022,103.84609161418031,Raffles City Shopping Centre,4b058815f964a520a7b022e3,Shopping Mall,
13,1.2928250926759022,103.84609161418031,Clarke Quay Central,4afa194af964a520b71622e3,Shopping Mall,
13,1.2928250926759022,103.84609161418031,Capitol Theatre,4bd145b7caff9521e17ed0f0,Movie Theater,
13,1.2928250926759022,103.84609161418031,The Grand Cathay,53a2da5d498edd040c594591,Movie Theater,
13,1.2928250926759022,103.84609161418031,CityLink Mall,4b058818f964a5209bb122e3,Shopping Mall,
13,1.2928250926759022,103.84609161418031,Raffles City Market Place,4d29532db818a35d49179e8a,Supermarket,
13,1.2928250926759022,103.84609161418031,7-Eleven,501dc618e4b03f68acb63e1d,Convenience Store,
13,1.2928250926759022,103.84609161418031,Robinsons,4c4143e8da3dc928cfc3c8b9,Department Store,
13,1.2928250926759022,103.84609161418031,The Pier @ Robertson Quay,4bd30019046076b0fde97471,Shopping Mall,
13,1.2928250926759022,103.84609161418031,The Raffles Marketplace,4d81f744baf9a35d1003a021,Market,
13,1.2928250926759022,103.84609161418031,The Cathay,4b1772e4f964a5209fc523e3,Shopping Mall,
13,1.2928250926759022,103.84609161418031,Cold Storage,4b8fb2a4f964a520a35d33e3,Supermarket,
13,1.2928250926759022,103.84609161418031,Riverside Point,4b5279f3f964a520167f27e3,Shopping Mall,
13,1.2928250926759022,103.84609161418031,UE Square,4b35d5d6f964a520132f25e3,Shopping Mall,
13,1.2928250926759022,103.84609161418031,Chinatown Point,4b3acd95f964a520a36e25e3,Shopping Mall,
13,1.2928250926759022,103.84609161418031,The Platinum Movie Suites at Cathay,4dd4969e813009ae10078ccd,Movie Theater,
13,1.2928250926759022,103.84609161418031,Oldham Theatre,5cde513e1fa763002cfaf631,Movie Theater,
13,1.2928250926759022,103.84609161418031,Sheng Siong Supermarket,4c03baf6f56c2d7f91381d66,Supermarket,
13,1.2928250926759022,103.84609161418031,MUJI,579af49f498ebfdb35fb8da8,Clothing Store,
13,1.2928250926759022,103.84609161418031,Marks & Spencer,4ba8b1b0f964a52090e739e3,Department Store,
13,1.2928250926759022,103.84609161418031,Daiso,50d536f2e4b0b7ab77e51991,Miscellaneous Shop,
13,1.2928250926759022,103.84609161418031,Swanston,4cb17ff4aef16dcb7919ba54,Cosmetics Shop,
13,1.2928250926759022,103.84609161418031,Peninsula Shopping Centre,4b8ca121f964a520c8d832e3,Shopping Mall,
13,1.2928250926759022,103.84609161418031,Cold Storage,515137cae4b090c2a58c616c,Supermarket,
13,1.2928250926759022,103.84609161418031,Excelsior Shopping Centre,4bffb0ffdaf9c9b6e486faef,Shopping Mall,
13,1.2928250926759022,103.84609161418031,Bras Basah Complex,4b058816f964a520f1b022e3,Shopping Plaza,
13,1.2928250926759022,103.84609161418031,Avone,4df71d621f6e94c2c77ea6df,Shopping Mall,
13,1.2928250926759022,103.84609161418031,Lumine,5a167be9c5309316c664aa9a,Department Store,
13,1.2928250926759022,103.84609161418031,The Cathay Cineplex,4b058814f964a52087b022e3,Multiplex,
13,1.2928250926759022,103.84609161418031,The Riverwalk,4b1dbc1cf964a520921424e3,Shopping Mall,
13,1.2928250926759022,103.84609161418031,FairPrice Finest,5d33ff49c46dcb0008402c53,Supermarket,
13,1.2928250926759022,103.84609161418031,Yue Hwa Chinese Products,4b058815f964a520bab022e3,Department Store,
13,1.2928250926759022,103.84609161418031,ABC Bargain Centre,4faccab7e4b08d12aa4043b4,Convenience Store,
13,1.2928250926759022,103.84609161418031,Cheers,4b73dcdbf964a52018be2de3,Convenience Store,
13,1.2928250926759022,103.84609161418031,Soho 2 @ Central,4d9c4c5d7ca6a35d18a97455,Shopping Mall,
14,1.2969024463749794,103.76532389053862,Waseda-Shibuya Senior High School,4b5902bbf964a520477828e3,High School,
14,1.2969024463749794,103.76532389053862,Skymart @ Blue Horizon,4bf6a51ad4cdb713da6684fe,Grocery Store,
14,1.2969024463749794,103.76532389053862,Sheng Siong Supermarket,4b568d32f964a520e81428e3,Supermarket,
14,1.2969024463749794,103.76532389053862,West Coast Market Square (Market & Food Centre),4b64e7a2f964a520d9d82ae3,Market,
14,1.2969024463749794,103.76532389053862,West Coast Plaza,4b067f1df964a5205bec22e3,Shopping Mall,
14,1.2969024463749794,103.76532389053862,Kent Ridge Secondary School,4c80301447cc224b59e9709f,High School,
14,1.2969024463749794,103.76532389053862,7-Eleven,4bfa6a295efe2d7f8e846d34,Convenience Store,
14,1.2969024463749794,103.76532389053862,Cold Storage,4b568d58f964a520ed1428e3,Supermarket,
14,1.2969024463749794,103.76532389053862,NUS Co-Op (Architecture),4d7f26fee7e1721efee2ec0b,College Bookstore,
14,1.2969024463749794,103.76532389053862,Cold Storage Kent Vale,5165f325e4b0c844e1dadc6d,Convenience Store,
14,1.2969024463749794,103.76532389053862,my CK Dept Store,4bfbc1aaab180f47f82fb4ce,Department Store,
14,1.2969024463749794,103.76532389053862,NUS School Of Design & Environment,4d2e7a424377224b8e220f38,University,
14,1.2969024463749794,103.76532389053862,National University of Singapore - Gamelan Room,4c48f6df9f2ad13a1756a452,University,
14,1.2969024463749794,103.76532389053862,Dean's Office,4c69f5e52c29d13adcc00c41,University,
14,1.2969024463749794,103.76532389053862,T-Lab : Level 9 @ NUS,4f13e522e4b072565f20f3e8,University,
14,1.2969024463749794,103.76532389053862,NUS Communications and New Media Department,4c34308ded37a593bf8a6e03,University,
14,1.2969024463749794,103.76532389053862,SMTC Global,4cedc37e62ef6dcb15dcf459,General College & University,
14,1.2969024463749794,103.76532389053862,NUS Kent Ridge Campus,4c458f13f97fbe9ad9a5bc30,University,
14,1.2969024463749794,103.76532389053862,NUS Architecture Studios,4d61c5f1865a224b8f14bb85,College Classroom,
14,1.2969024463749794,103.76532389053862,Division of Industrial Design Studio@ NUS,4cc4ecb701fb236a11ecaeba,College Classroom,
14,1.2969024463749794,103.76532389053862,Department of Psychology,4c1843941436a593e22e8d75,College Academic Building,
14,1.2969024463749794,103.76532389053862,ISE IBM Lab,4c77933df2473704616b66eb,College Classroom,
14,1.2969024463749794,103.76532389053862,Greenhub Ngee Ann Polytechnic,507d24ffe4b0f77767f4eccc,College Classroom,
14,1.2969024463749794,103.76532389053862,Masjid Tentera Di Raja (Mosque),4eddade5e5fa78b1720ce711,Mosque,
14,1.2969024463749794,103.76532389053862,"FASS Dean's Office, AS7",4bb0527af964a520f9403ce3,General College & University,
14,1.2969024463749794,103.76532389053862,NUS Arts Clubroom,4b629746f964a520424c2ae3,College Classroom,
14,1.2969024463749794,103.76532389053862,NUS Political Science Department,4b820306f964a52099c730e3,General College & University,
14,1.2969024463749794,103.76532389053862,West Coast Highway,4ba2fa7af964a520072638e3,Road,
14,1.2969024463749794,103.76532389053862,COM1 Level 2,4cbfdaee97bc721eaa1b8867,College Academic Building,
14,1.2969024463749794,103.76532389053862,NUS Extension,502cdb77e4b07730f33f6f0d,College Classroom,
14,1.2969024463749794,103.76532389053862,Coffee:Nowhere,544786ae498e25a5f10d0b93,Café,
14,1.2969024463749794,103.76532389053862,Block E3 | NUS,4cee370ded62721e22725afd,College Engineering Building,
14,1.2969024463749794,103.76532389053862,NUSS Kent Ridge Guild House,4b0a8819f964a520dc2423e3,General College & University,
14,1.2969024463749794,103.76532389053862,"AS6 Building, NUS",4bd802e909ecb71311e9477c,College Arts Building,
14,1.2969024463749794,103.76532389053862,West Coast Student Service Centre,4c32bb46213c2d7ff0f2355d,Student Center,
14,1.2969024463749794,103.76532389053862,CFA Studios,4c458505dcd61b8d39c27c56,Performing Arts Venue,
14,1.2969024463749794,103.76532389053862,Engineering Auditorium @ NUS,4c75f75f2db5236ad7aabe79,College Auditorium,
14,1.2969024463749794,103.76532389053862,NUS Faculty of Arts & Social Sciences,4ce86850d27560fc43dd973a,College Arts Building,
14,1.2969024463749794,103.76532389053862,LT9 @ NUS,4b62618bf964a52031452ae3,College Auditorium,
14,1.2969024463749794,103.76532389053862,NUS Earth Lab @ FASS,4b62b8ebf964a5204a502ae3,College Lab,
15,1.405399240041928,103.7889142033543,Mandai Mart,56334ecd498e05a67c350641,Convenience Store,
15,1.405399240041928,103.7889142033543,Cheers,4d3eaeec753a6a319572ab60,Convenience Store,
15,1.405399240041928,103.7889142033543,Wildlife Learning Centre | Singapore Zoo,4d45f6d9bbb1a1434d105872,College Classroom,
16,1.27560908506566,103.81188501730887,Telok Blangah Drive Blk 82 Market,4b9c9235f964a520ca7036e3,Market,
16,1.27560908506566,103.81188501730887,NTUC FairPrice,4c4e0b42960e76b07533d8e6,Supermarket,
16,1.27560908506566,103.81188501730887,7-Eleven,4d235ee58bc86a3151b72da8,Convenience Store,
16,1.27560908506566,103.81188501730887,Telok Blangah Crescent Market & Food Centre,4b6e4452f964a52038b52ce3,Food Court,
16,1.27560908506566,103.81188501730887,7-Eleven,4c625d5e7c9def3b5c09d01c,Convenience Store,
16,1.27560908506566,103.81188501730887,Telok Blangah Mall,4d131578ffa36ea84787fdda,Shopping Mall,
16,1.27560908506566,103.81188501730887,U Stars Supermarket,5b262d23e0c0c9002c34904e,Grocery Store,
16,1.27560908506566,103.81188501730887,7-Eleven,4b62f715f964a520225b2ae3,Convenience Store,
16,1.27560908506566,103.81188501730887,Appleland Playhouse,4ca2a1f6554b236afa252048,Nursery School,
16,1.27560908506566,103.81188501730887,TheLifestyleMart SAFRA,4bcfea46b221c9b6b3efd2d0,Clothing Store,
16,1.27560908506566,103.81188501730887,Depot Heights Shopping Centre,4b38330df964a520c34c25e3,Shopping Mall,
16,1.27560908506566,103.81188501730887,NurtureStars@Mount Faber SAFRA,4c6e33f110faa1434b2ef068,Preschool,
16,1.27560908506566,103.81188501730887,NTUC FairPrice,4c6777d5b80abe9adf64d0e5,Shopping Mall,
16,1.27560908506566,103.81188501730887,7-Eleven,4bd3c3eca8b3a593bbd76a5f,Convenience Store,
16,1.27560908506566,103.81188501730887,Cheers,4d94f6cbbee841bd6fcb7f3e,Convenience Store,
16,1.27560908506566,103.81188501730887,my CK Dept Store,4d53409ebbbf37043bdc3278,Department Store,
16,1.27560908506566,103.81188501730887,ISS International School (Preston Campus),4bda89ab3904a59310bd469e,High School,
16,1.27560908506566,103.81188501730887,7-Eleven,4c46aeb176d72d7f9de03a4d,Convenience Store,
16,1.27560908506566,103.81188501730887,The Grocer's,56490df9498e1a22bd84e0ab,Convenience Store,
16,1.27560908506566,103.81188501730887,International School of Singapore (Preston Campus),4c84c4b52f1c236aeba74e43,High School,
16,1.27560908506566,103.81188501730887,Shelton International College & High School,4c4d2b744237be9a97d38513,High School,
16,1.27560908506566,103.81188501730887,Giant Express,4be80da79a54a59342760911,Grocery Store,
16,1.27560908506566,103.81188501730887,Faith Shop,4fa61270e4b0fd4c3f811c63,Women's Store,
16,1.27560908506566,103.81188501730887,Hyper Island Singapore,50723cf4e4b0e1b65ef8c582,University,
16,1.27560908506566,103.81188501730887,Capstone Kindergarten,4b9c438ff964a5201b5a36e3,General College & University,
16,1.27560908506566,103.81188501730887,Academy Of Singapore Teachers (AST),4d64746f7f84f04dca2cf6b4,College Academic Building,
16,1.27560908506566,103.81188501730887,The Physical Education and Sports Teacher Academy (PESTA),4d645d7d897659414ec1f69a,College Academic Building,
16,1.27560908506566,103.81188501730887,PAP Kindergarten,4cd942387d45468827acefed,College Classroom,
16,1.27560908506566,103.81188501730887,Adam Khoo Learning Technologies Group,51a7fb2e498e86a161b249ff,Office,
16,1.27560908506566,103.81188501730887,Singapore Institute Of Purchasing & Materials Management - SIPMM,4cef3505d7268cfa61eacd4e,College Administrative Building,
16,1.27560908506566,103.81188501730887,Fusion Bistro,4fc5e823e4b067928c15a16d,Café,
16,1.27560908506566,103.81188501730887,AST Auditorium,4f322433e4b0d510f52b473f,College Auditorium,
16,1.27560908506566,103.81188501730887,READ@Academy,4b7cde77f964a520dfa72fe3,College Library,
16,1.27560908506566,103.81188501730887,HP Depot 1 Smoking Point,4ccebed9511b236aa183fec9,College Quad,
18,1.4440661024925858,103.78252518738016,Republic Polytechnic Industry Centre,56243029498ecbeeda94bcfa,High School,
18,1.4440661024925858,103.78252518738016,Marsiling Lane Market & Cooked Food Centre,4c5e575b857ca59381a4cfcb,Market,
18,1.4440661024925858,103.78252518738016,Causeway Point,4bd531886798ef3b2912638d,Shopping Mall,
18,1.4440661024925858,103.78252518738016,Cathay Cineplexes,4b78e988f964a5201be62ee3,Movie Theater,
18,1.4440661024925858,103.78252518738016,Cold Storage,4bd5303c6798ef3bc110638d,Supermarket,
18,1.4440661024925858,103.78252518738016,GIANT Super,4c3d400f4bc9a59322dcd371,Grocery Store,
18,1.4440661024925858,103.78252518738016,Qihua Primary School,4c632b1fec94a5934c292bca,Elementary School,
18,1.4440661024925858,103.78252518738016,7-Eleven,4c9d62d80e9bb1f73124dd5f,Convenience Store,
18,1.4440661024925858,103.78252518738016,Riverside Secondary School,4bb3d9baeb3e952165bbcb0a,High School,
18,1.4440661024925858,103.78252518738016,Good Price Center,4cb413e71168a09322104623,Department Store,
18,1.4440661024925858,103.78252518738016,Si Ling Secondary School,4bb9820898c7ef3b76293202,High School,
18,1.4440661024925858,103.78252518738016,SIT@RP,542b6153498e523b09ffe677,University,
18,1.4440661024925858,103.78252518738016,Kalai's Mini Mart,4cac7baf44a8224b43b43340,Department Store,
18,1.4440661024925858,103.78252518738016,Customer Service Counter,4e636ccce4cdf1e2bfb6ac1a,Shopping Mall,
18,1.4440661024925858,103.78252518738016,ABC Bargain Centre,4d103916b765224bcf9be932,Department Store,
18,1.4440661024925858,103.78252518738016,Woodlands Xchange,4f548632e4b02cf6c016a6c9,Shopping Mall,
18,1.4440661024925858,103.78252518738016,7-Eleven,4dcc4d191f6e5081dc516f4c,Convenience Store,
18,1.4440661024925858,103.78252518738016,Metro,4b7b933cf964a520b4672fe3,Department Store,
18,1.4440661024925858,103.78252518738016,Woodlands North Plaza,4b511725f964a520d64127e3,Shopping Mall,
18,1.4440661024925858,103.78252518738016,Shell Woodlands Ave 9,52f476b7498e8d569d4ec3f4,Gas Station,
18,1.4440661024925858,103.78252518738016,Block W5,4bce9df7c564ef3b049aeef0,College Academic Building,
18,1.4440661024925858,103.78252518738016,Republic Poly W64A,4d255f6ac2b36ea8d67a25d4,College Academic Building,
18,1.4440661024925858,103.78252518738016,Block E1,4c05b89a5753c928baf439f1,College Academic Building,
18,1.4440661024925858,103.78252518738016,Republic Polytechnic W36R,4d01cb1ae5f16ea85889a728,College Classroom,
18,1.4440661024925858,103.78252518738016,W35B,4d3f85197a516ea853cdb282,College Classroom,
18,1.4440661024925858,103.78252518738016,Republic Polytechnic W16B,4cfc3a0d084f5481d44d8509,College Classroom,
18,1.4440661024925858,103.78252518738016,W14C,4f442ed6e4b093577f2c1324,College Classroom,
18,1.4440661024925858,103.78252518738016,Raffles Hospitality Centre - Republic Polytechnic,4d004f39f1605481f0b59dea,College Academic Building,
18,1.4440661024925858,103.78252518738016,Republic Polytechnic W47D,4dabcb5cf7b145b3702e216b,College Classroom,
18,1.4440661024925858,103.78252518738016,Republic Polytechnic W64K,4d05bbfe347da1cdf288328f,College Classroom,
18,1.4440661024925858,103.78252518738016,W47G,4cc5003e82388cfa52e57235,College Classroom,
18,1.4440661024925858,103.78252518738016,W24L,4dc2010918506ca691c61103,College Classroom,
18,1.4440661024925858,103.78252518738016,W16D,4dc10616e4cda3b87f18356b,College Classroom,
18,1.4440661024925858,103.78252518738016,W66E,4eb251a902d5e0572ae3e309,College Classroom,
18,1.4440661024925858,103.78252518738016,RP W15E,4d61ce68338bb60c84ad38bd,College Classroom,
18,1.4440661024925858,103.78252518738016,RP W15J,4d2182705c4ca1cdf833aa3d,College Classroom,
18,1.4440661024925858,103.78252518738016,E66Q @ Republic Polytechnic,4cb6d360b315a09367829e76,College Classroom,
18,1.4440661024925858,103.78252518738016,RP E65F,4dab8fed93a04642f0990d23,College Classroom,
18,1.4440661024925858,103.78252518738016,Republic Polytechnic E3-7H,4ce9bb2c8ef78cfa06c8a29b,College Classroom,
18,1.4440661024925858,103.78252518738016,Republic Polytechnic E24M,4c859ab051ada1cd94953910,College Classroom,
19,1.3114496562116378,103.92938563455742,NTUC FairPrice,4b234249f964a520bd5424e3,Supermarket,
19,1.3114496562116378,103.92938563455742,Cold Storage,524bb0d511d2082217f48024,Supermarket,
19,1.3114496562116378,103.92938563455742,Victoria School,4b9b05abf964a52084ec35e3,General College & University,
19,1.3114496562116378,103.92938563455742,iEcon,4e19322352b123a586deb6a7,Convenience Store,
19,1.3114496562116378,103.92938563455742,Victoria Hall,4b8d1fbaf964a52020e932e3,College Residence Hall,
19,1.3114496562116378,103.92938563455742,Mandarin gardens mini mart,4bff67c8ca1920a12accec81,Convenience Store,
19,1.3114496562116378,103.92938563455742,Siglap Chilling Park,4ca49d2cd7c33704dfc6aa62,Department Store,
19,1.3114496562116378,103.92938563455742,Cheers,4d94f6c1bee841bdafca7f3e,Convenience Store,
19,1.3114496562116378,103.92938563455742,Siglap V,514dc236e4b07af145f792d3,Shopping Mall,
19,1.3114496562116378,103.92938563455742,Giant Super,525bd51f498e2139c4689c60,Supermarket,
19,1.3114496562116378,103.92938563455742,Siglap Centre,4b460136f964a520031426e3,Shopping Mall,
19,1.3114496562116378,103.92938563455742,Cold Storage Speciality @ Mandarin Gardens,4e58b54dae6099fc00bd3fbd,Convenience Store,
19,1.3114496562116378,103.92938563455742,7-Eleven,4b891a54f964a520cf1c32e3,Convenience Store,
19,1.3114496562116378,103.92938563455742,Rosemount International School/ Rosemount Kindergarten,4d2e77f54377224bc10f0f38,Nursery School,
19,1.3114496562116378,103.92938563455742,Eastbay Supermarket,4bfd185cf61dc9b6bd759ede,Convenience Store,
19,1.3114496562116378,103.92938563455742,7-Eleven,4d41491890f9224bfe1d0e1e,Convenience Store,
19,1.3114496562116378,103.92938563455742,Sekolah Indonesia Singapura,4bbeba85006dc9b6a9abfb3f,General College & University,
20,1.338740013534076,103.83112455497718,Mediacorp Studio 4,4d0842c34adb3704b4f5fb54,Movie Theater,
20,1.338740013534076,103.83112455497718,Marymount Kindergarten,4c2c0aa5ae6820a175de1843,Nursery School,
21,1.407938871958712,103.8736994101745,Chatsworth Kindergarten (Piccadilly Campus),4cbfc4bf7dc9a093c7f13af5,Nursery School,
21,1.407938871958712,103.8736994101745,ATR Singapore Training Centre,50bc6b69e4b0a38b7dd734fa,Student Center,
21,1.407938871958712,103.8736994101745,Singapore Flying College,4bf9c0f38d30d13a3fc60218,Trade School,
21,1.407938871958712,103.8736994101745,Air Transport Training College,5112f0dbe4b0ed1dfbe2e9cc,College Engineering Building,
21,1.407938871958712,103.8736994101745,Gym,4f681ce6e4b06cd279b24680,College Gym,
22,1.3495148028600605,103.68361385086823,Giant Express,516e2a5c498e784868e59435,Grocery Store,
22,1.3495148028600605,103.68361385086823,Nanyang Technological University (NTU),4b442617f964a5200af225e3,University,
22,1.3495148028600605,103.68361385086823,Nanyang Valley Apartments,4cc59800bc239521a37ebd33,University,
22,1.3495148028600605,103.68361385086823,National Institute of Education (NIE),4b05f0d0f964a52043e622e3,University,
22,1.3495148028600605,103.68361385086823,NTU Tamarind Hall,59c3bcac9b047301ccc88d6c,University,
22,1.3495148028600605,103.68361385086823,HSS Building @ NTU,4bb9943c98c7ef3bc6303202,University,
22,1.3495148028600605,103.68361385086823,North Spine,4c8593ae47cc224b9aa8a29f,College Academic Building,
22,1.3495148028600605,103.68361385086823,NIE Block 2 (Education),4b500a5bf964a520aa1b27e3,College Academic Building,
22,1.3495148028600605,103.68361385086823,NTU Student Activities Centre,4c7f595dfb13a1cd4a66a0a4,Student Center,
22,1.3495148028600605,103.68361385086823,Nanyang Business School (NBS),4bbad03853649c74487749fb,College Academic Building,
22,1.3495148028600605,103.68361385086823,S. Rajaratnam School of International Studies (RSIS),4cc4e77c06c25481d1b69947,College Academic Building,
22,1.3495148028600605,103.68361385086823,NIE Block 5 (Physical Education),4bfdca01f7c82d7fbac58e04,College Academic Building,
22,1.3495148028600605,103.68361385086823,NIE Lecture Theatre 8,4c99871f78fc236a78062e97,College Classroom,
22,1.3495148028600605,103.68361385086823,NTU School of Biological Sciences,4d882e257d4c54810b1d3b71,College Academic Building,
22,1.3495148028600605,103.68361385086823,HSS Seminar Room 7,4ca404251ee76dcbd890fedd,College Classroom,
22,1.3495148028600605,103.68361385086823,NTU Lee Kong Chian School Of Medicine,51317000e4b038fff3050913,College Academic Building,
22,1.3495148028600605,103.68361385086823,RSIS,4ccf77e206b546888763d594,General College & University,
22,1.3495148028600605,103.68361385086823,LT 27 | South Spine,4c7f44b42042b1f70189c2ad,General College & University,
22,1.3495148028600605,103.68361385086823,Wee Kim Wee School of Communication and Information,4b4abda9f964a520c18d26e3,General College & University,
22,1.3495148028600605,103.68361385086823,SIMTech (Tower Block),5122ff2d582f13fac3972a95,College Administrative Building,
22,1.3495148028600605,103.68361385086823,NIE Block 1 (Administration),4c046ab29a7920a16f4fd179,College Administrative Building,
22,1.3495148028600605,103.68361385086823,"School Of Arts, Design And Media Auditorium",4cbf959aacd48cfa7ed1443f,College Auditorium,
22,1.3495148028600605,103.68361385086823,School Of Materials Science And Engineering,4cef7ae713aea143c15b739f,College Engineering Building,
22,1.3495148028600605,103.68361385086823,Data-Intensive Scalable Computing (DISCO) Lab,504c5318e4b03dcfed2f56a0,College Lab,
22,1.3495148028600605,103.68361385086823,Lee Wee Nam Library,4b4ae74ef964a520a98f26e3,College Library,
22,1.3495148028600605,103.68361385086823,NTU School of Computer Science and Engineering,57bd59a7498e10ab62698832,College Engineering Building,
22,1.3495148028600605,103.68361385086823,Student Computer Room,4c8874a71052370437e3c0f1,College Lab,
22,1.3495148028600605,103.68361385086823,The Quad Cafe,4b0d5596f964a520804623e3,College Cafeteria,
22,1.3495148028600605,103.68361385086823,NTU Canteen 13,4ba8851bf964a5204cde39e3,Food Court,
22,1.3495148028600605,103.68361385086823,NTU Hall of Residence 2,4cf27b5c94feb1f7517e1dba,College Residence Hall,
22,1.3495148028600605,103.68361385086823,NTU Hall of Residence 8,4c79e9b5a86837041069124d,College Residence Hall,
22,1.3495148028600605,103.68361385086823,"Food Canopy, NTU Canteen 1",4b226115f964a520244624e3,College Cafeteria,
22,1.3495148028600605,103.68361385086823,NTU Canteen 16,4d70f1d3419da35d4cf80cd8,College Cafeteria,
22,1.3495148028600605,103.68361385086823,NTU Chinese Library,4d8d4dcb3bfef04d598c7e86,College Library,
22,1.3495148028600605,103.68361385086823,NTU S4 FAL,4cf38e2fe3b9a0930e344a53,College Lab,
22,1.3495148028600605,103.68361385086823,School of EEE @ NTU,4c3c0e2b4bc9a5933c34d271,College Engineering Building,
22,1.3495148028600605,103.68361385086823,Food Connection,4b454709f964a520bd0926e3,Food Court,
22,1.3495148028600605,103.68361385086823,Digital Signal Processing Lab,4c452f1b429a0f47b1da491e,College Lab,
22,1.3495148028600605,103.68361385086823,NTU School of Electrical and Electronic Engineering,4caef682ef1b37040d5c2e00,College Engineering Building,
22,1.3495148028600605,103.68361385086823,NTU Hall Of Residence 1,4b98d53ff964a520a15135e3,College Residence Hall,
23,1.377627694399132,103.94970738323966,White Sands Shopping Centre,4b058818f964a520bdb122e3,Shopping Mall,
23,1.377627694399132,103.94970738323966,Hai Sing Catholic School,4ca513c644a8224bd8aaf63f,High School,
23,1.377627694399132,103.94970738323966,NTUC FairPrice,4b9d046ef964a520da8836e3,Supermarket,
23,1.377627694399132,103.94970738323966,Sheng Siong,4d37cd199784a0930ea9dae8,Supermarket,
23,1.377627694399132,103.94970738323966,Cheers,4ead6960722eefae846c3050,Convenience Store,
23,1.377627694399132,103.94970738323966,7-Eleven,4b9cff84f964a520808736e3,Convenience Store,
23,1.377627694399132,103.94970738323966,Market Square @ Downtown East,589aceb5876ade5803eb4e2a,Shopping Mall,
23,1.377627694399132,103.94970738323966,Elias Park Primary School,4c04dd4bf56c2d7fdac11e66,Elementary School,
23,1.377627694399132,103.94970738323966,7-Eleven,4c7140bcd7fab1f747ab60c9,Convenience Store,
23,1.377627694399132,103.94970738323966,NTUC FairPrice,4c500eb31886c9b600610a28,Supermarket,
23,1.377627694399132,103.94970738323966,Downtown East E!Avenue,582422f6e4ffa91ea8585e54,Shopping Mall,
23,1.377627694399132,103.94970738323966,Valu$,4f784802e4b0421083881c17,Convenience Store,
23,1.377627694399132,103.94970738323966,Valu$,4b53eee4f964a520f1ae27e3,Convenience Store,
23,1.377627694399132,103.94970738323966,Value$ Shop,5726f4a5498e82cf99e401f8,Convenience Store,
23,1.377627694399132,103.94970738323966,NTUC Club @ Downtown East,4d06c16528926ea8332c77c2,Shopping Mall,
23,1.377627694399132,103.94970738323966,E!hub Downtown East,4cb6db7b589f236a324e3a3d,Shopping Mall,
23,1.377627694399132,103.94970738323966,"Downtown East, Blk B",4cb98106d78f4688009cb673,Shopping Mall,
23,1.377627694399132,103.94970738323966,Cheers,4ba48e67f964a52010a438e3,Convenience Store,
23,1.377627694399132,103.94970738323966,Ang Chong Minimart,4cbbdfd54352a1cd174a9bf5,Miscellaneous Shop,
23,1.377627694399132,103.94970738323966,NTUC FairPrice,4b6a98ccf964a520c3d92be3,Supermarket,
23,1.377627694399132,103.94970738323966,Cathay Cineplexes,4ca82f4444a8224b246e1540,Multiplex,
23,1.377627694399132,103.94970738323966,Elias Mall,4b38d8fbf964a520195125e3,Shopping Mall,
23,1.377627694399132,103.94970738323966,Golden Bamboo Brothers Supermart,4d5268d9747f6dcb8110ccd4,Supermarket,
23,1.377627694399132,103.94970738323966,Japan Home,50ed700ee4b0addb76d9394e,Convenience Store,
23,1.377627694399132,103.94970738323966,7-Eleven,4bac2f04f964a520b9e93ae3,Convenience Store,
23,1.377627694399132,103.94970738323966,Heng's Family Minimart,4eb134d530f855c20f11b15d,Convenience Store,
23,1.377627694399132,103.94970738323966,7-11 Convenient Store,4ce0a6e27e2e236a537d8c1b,Convenience Store,
23,1.377627694399132,103.94970738323966,7-ELEVEN @ Blk 470,4ec406ac722e5b8e0444ef51,Convenience Store,
23,1.377627694399132,103.94970738323966,Heng's Family Mart,4ce6be8de1eeb60cdcb898ae,Convenience Store,
23,1.377627694399132,103.94970738323966,AXS & SAM,4bb69ef546d4a5938091c6c0,Shopping Mall,
23,1.377627694399132,103.94970738323966,7-ELEVEN®,4d24b4c814f2b1f738b470be,Convenience Store,
23,1.377627694399132,103.94970738323966,7-11 @ E!Hub,4dbd74774b222080d3a94ec6,Convenience Store,
23,1.377627694399132,103.94970738323966,Meridian Junior College,4d2badc0b818a35de810b28a,General College & University,
23,1.377627694399132,103.94970738323966,Cherie Hearts Kidz Campus,4f7020c5e4b07fa2c80b17b9,College Academic Building,
23,1.377627694399132,103.94970738323966,Pasir Ris Avenue,4bf41cc8ff90c9b66dd95428,Road,
23,1.377627694399132,103.94970738323966,KipMcGrath,4e02f1f01f6edc160233c281,Student Center,
23,1.377627694399132,103.94970738323966,Overseas Family School,55b9cf94498e33809508840d,General College & University,
23,1.377627694399132,103.94970738323966,Elias Road,4b0e129ef964a5209f5423e3,Road,
23,1.377627694399132,103.94970738323966,Blk 468 Pasir Ris Drive 6,4c0ba41c6071a593d57ee132,Residential Building (Apartment / Condo),
23,1.377627694399132,103.94970738323966,Cordova Education Centre,4cccb69ab571b60ce7b1d465,Student Center,
24,1.395489743658931,103.98894603345926,Changi Village Market,4cba97879552b60cf84cdb8b,Market,
24,1.395489743658931,103.98894603345926,Cheers,4badb47cf964a52049643be3,Convenience Store,
24,1.395489743658931,103.98894603345926,Changi Village Minimart,4c4f1f7aea24c9b6417fd216,Department Store,
24,1.395489743658931,103.98894603345926,Hello Thank You,4cff46cff1605481132c98ea,Grocery Store,
24,1.395489743658931,103.98894603345926,Aerodrome Simulator,4eddeae46da1642c60d1c255,College Academic Building,
24,1.395489743658931,103.98894603345926,"Singapore Aviation Academy, Lecture Room 7",4eb23f8e8b815ab741c2c624,College Classroom,
24,1.395489743658931,103.98894603345926,Singapore Aviation Academy,4bf9d57a5317a59308f6017f,College Engineering Building,
25,1.3387780796617692,103.72914752002669,Yuhua Market & Hawker Centre,4b6f491af964a52044e92ce3,Food Court,
25,1.3387780796617692,103.72914752002669,Omni-Theatre and Planetarium,4b058810f964a52069af22e3,Planetarium,
25,1.3387780796617692,103.72914752002669,Taman Jurong Market & Food Centre,4b50443bf964a520631f27e3,Food Court,
25,1.3387780796617692,103.72914752002669,Hock Soon Mini Supermarket,4cb70c65f6616dcbdab6e308,Department Store,
25,1.3387780796617692,103.72914752002669,bao sheng mini mart,4ddaf0d252b18c36c291b5be,Convenience Store,
25,1.3387780796617692,103.72914752002669,Canadian International School (Lakeside Campus),4c8d8f5555fba0938b7069ab,High School,
25,1.3387780796617692,103.72914752002669,7-Eleven,4cba007d7148f04da3ebd9ab,Convenience Store,
25,1.3387780796617692,103.72914752002669,Good Price Centre @ Jurong,4d843a08f9f3a1cdef06b264,Department Store,
25,1.3387780796617692,103.72914752002669,ABC Store,4d7e0ade3633a093352d779d,Department Store,
25,1.3387780796617692,103.72914752002669,Sheng Shiong Supermarket,4dff3ecb18388670a23b08c7,Grocery Store,
25,1.3387780796617692,103.72914752002669,Cheers,4c0a4178ffb8c9b633346b61,Convenience Store,
25,1.3387780796617692,103.72914752002669,FairPrice Xpress,4bc6ed9114d79521256f66e9,Grocery Store,
25,1.3387780796617692,103.72914752002669,NTUC Fairprice,545dbac6498ec40d66e4589d,Supermarket,
25,1.3387780796617692,103.72914752002669,Cherry Mart @ 303,4d84a57e81fdb1f7d0d6ffbf,Grocery Store,
25,1.3387780796617692,103.72914752002669,Subhiksha Supermart,4c5a6c022091a593af675fd0,Grocery Store,
25,1.3387780796617692,103.72914752002669,Blk 304 Jurong East St 32 Ah Neh Shop,4d342ed698336dcbaafd34f0,Grocery Store,
25,1.3387780796617692,103.72914752002669,PCF Yuhua Little Wings,4ce21cea41ed224b2d0eee3c,Preschool,
25,1.3387780796617692,103.72914752002669,Fuhua Primary School,4b3067eaf964a52076f924e3,Elementary School,
25,1.3387780796617692,103.72914752002669,Jurong Calvary Kindergarten,4d23e19653e4a093902e8377,Preschool,
25,1.3387780796617692,103.72914752002669,11 Chin Bee Drive Cold Storage,4cddf38041ed224bccefd53c,Supermarket,
25,1.3387780796617692,103.72914752002669,Hock Ghee Seng Minimart,4c5a8861b05c1b8d066cd8b1,Grocery Store,
25,1.3387780796617692,103.72914752002669,Econ Minimart,4d24f27138d0236a66a5e7b6,Convenience Store,
25,1.3387780796617692,103.72914752002669,7-11 @ Taman Jurong Shopping Centre,4d74de3a42406a31be0d3409,Convenience Store,
25,1.3387780796617692,103.72914752002669,Little Wings,4cb252ceef1b37047f734a00,Student Center,
25,1.3387780796617692,103.72914752002669,PAP( Orchid Education Centre),4d0616af9d33a1437e4cc478,Community College,
25,1.3387780796617692,103.72914752002669,FHSS School Hall,4d54ad7e9e508cfaffd9f69a,College Auditorium,
25,1.3387780796617692,103.72914752002669,Jurong East Swimming Complex Gym ,4dabec616e81162ae7f702fe,College Gym,
25,1.3387780796617692,103.72914752002669,FHSS Canteen,4d2d0df9ae3a8cfa0a0ac270,College Cafeteria,
26,1.385055628095452,103.75240882485367,NTUC FairPrice,4be4ccd8910020a1cd4ed214,Supermarket,
26,1.385055628095452,103.75240882485367,Teck Whye Secondary School,4bf7396b508c0f476a683d31,High School,
26,1.385055628095452,103.75240882485367,Jurong Pioneer Junior College,4bb160f1f964a520d58f3ce3,General College & University,
26,1.385055628095452,103.75240882485367,Prime Supermarket,4bf1a142d39ad13aca78aa0e,Grocery Store,
26,1.385055628095452,103.75240882485367,Sheng Siong Supermarket,4dcfc23788778512441844af,Supermarket,
26,1.385055628095452,103.75240882485367,NTUC FairPrice,4c51512c250dd13a19c8047d,Grocery Store,
26,1.385055628095452,103.75240882485367,Lot One Shoppers' Mall,4b058816f964a52024b122e3,Shopping Mall,
26,1.385055628095452,103.75240882485367,South View Primary School (Holding School),53eae84b498e9b26cc4dbd76,Elementary School,
26,1.385055628095452,103.75240882485367,7-Eleven,4ce92ad275c62c0f612ce757,Convenience Store,
26,1.385055628095452,103.75240882485367,BHG,4c25fd54a852c9288bbde56c,Department Store,
26,1.385055628095452,103.75240882485367,NTUC FairPrice,4b822f1df964a52095cc30e3,Supermarket,
26,1.385055628095452,103.75240882485367,Japan Home,54b0d37c498e03abcc2b4e36,Department Store,
26,1.385055628095452,103.75240882485367,South View Primary School,4b78f87cf964a520c3e72ee3,School,
26,1.385055628095452,103.75240882485367,School Foyer (outside WSP General Office),4e12af4dd4c07597ff8bd121,High School,
26,1.385055628095452,103.75240882485367,Cheers,4c9cbbfc03133704f5e157d5,Convenience Store,
26,1.385055628095452,103.75240882485367,West Spring Secondary School,4b09e88df964a5208d1f23e3,High School,
26,1.385055628095452,103.75240882485367,Regent Secondary School,4beb8166b3352d7f3ca356d2,High School,
26,1.385055628095452,103.75240882485367,Buzz @ Cck,524ca96c11d27362059852ce,Convenience Store,
26,1.385055628095452,103.75240882485367,Unity NTUC Healthcare,4eeed4a02c5bafa61a9bceb3,Pharmacy,
26,1.385055628095452,103.75240882485367,Challenger,51655736e4b0d52a0b0cb05b,Electronics Store,
26,1.385055628095452,103.75240882485367,West View Primary School,4b09e83df964a520871f23e3,Elementary School,
26,1.385055628095452,103.75240882485367,Choa Chu Kang Xchange,4ca9dc0ba6e08cfa7a249d94,Shopping Mall,
26,1.385055628095452,103.75240882485367,Cheers,4b8bdc07f964a5200caf32e3,Convenience Store,
26,1.385055628095452,103.75240882485367,Reliance Food @ Blk 764,4d8eb1f0788c5481def53ffd,Grocery Store,
26,1.385055628095452,103.75240882485367,PCF Sparkletots@CCK,4cdea32269136dcb3471d7e6,College Classroom,
26,1.385055628095452,103.75240882485367,ITE College West (CCK Campus) @ P.E room department,4cc5075042d1b60caa462113,College Academic Building,
26,1.385055628095452,103.75240882485367,Networking Lounge @ ITE College West,4d76d64eaaf68cfa738f8eba,General College & University,
26,1.385055628095452,103.75240882485367,My English School,4d5e265d29ef236a6a198959,Student Center,
26,1.385055628095452,103.75240882485367,Lot One Centre Management Office,4d1be4b3ddc85481f4f7c360,Office,
26,1.385055628095452,103.75240882485367,Student Care Office #3301,4ce4f073302d54811a7ecb5f,Student Center,
26,1.385055628095452,103.75240882485367,Blk 2 ITE College West,4c60e2e954ac0f474dc8b621,Trade School,
26,1.385055628095452,103.75240882485367,PJC Art Room,4f4207d5e4b0f7b45ad3d4a3,College Arts Building,
26,1.385055628095452,103.75240882485367,Matrix Cafeteria,4c31bf8909a99c749a620b2a,College Cafeteria,
26,1.385055628095452,103.75240882485367,PJC's Canteen,4d2a5e59915fa093af650e0a,College Cafeteria,
26,1.385055628095452,103.75240882485367,School Canteen,4ca1620c8afca0931d211b16,College Cafeteria,
26,1.385055628095452,103.75240882485367,WSSS Auditorium,4d3d199144f5a0932e65d2bb,College Theater,
27,1.247302823559809,103.82756574528545,"Lights, Camera, Action!™ Hosted by Steven Spielberg",4ba4826ff964a52064a138e3,Theme Park Ride / Attraction,
27,1.247302823559809,103.82756574528545,Shrek 4-D Adventure,4bff315bdaf9c9b64ef3f9ef,General Entertainment,
27,1.247302823559809,103.82756574528545,7-Eleven,4d0d661c3905b1f7223f9a4b,Convenience Store,
27,1.247302823559809,103.82756574528545,Deloitte University Asia Pacific,57711be5cd10b950f4e08b80,General College & University,
27,1.247302823559809,103.82756574528545,The Tourism Academy @ Sentosa,4b380b80f964a520c64a25e3,College Academic Building,
28,1.379236919903747,103.90385867995874,Serangoon Secondary School,4b37a0b9f964a520464325e3,High School,
28,1.379236919903747,103.90385867995874,NTUC FairPrice,4b6d9deaf964a520ac802ce3,Supermarket,
28,1.379236919903747,103.90385867995874,Rivervale Plaza,4b59a5f0f964a520ba9028e3,Shopping Mall,
28,1.379236919903747,103.90385867995874,FairPrice Xpress,4d94f70cbee841bd9acd7f3e,Convenience Store,
28,1.379236919903747,103.90385867995874,North Vista Secondary School,4cda52bc5aeda1cd1e47b611,High School,
28,1.379236919903747,103.90385867995874,Wet Market,4c71cfce4bc4236a49e3c97a,Market,
28,1.379236919903747,103.90385867995874,Ez-Home @ Rivervale Plaza,4cecd2e77db3224bf6861e2e,Department Store,
28,1.379236919903747,103.90385867995874,iEcon,4c9af267a004a1cdaeda4c6e,Convenience Store,
28,1.379236919903747,103.90385867995874,Ez Home Product,4dcfbf2efa7664b7c6c839cc,Convenience Store,
28,1.379236919903747,103.90385867995874,Giant @ Buangkok,5160051ae4b0b47456a05b31,Convenience Store,
28,1.379236919903747,103.90385867995874,Rifah Store,4e20ff561495f18f034a7d83,Convenience Store,
28,1.379236919903747,103.90385867995874,7-Eleven,4ce9c66c0f196dcb4d1d4eae,Convenience Store,
28,1.379236919903747,103.90385867995874,Zone Minimart,4db94ee043a1e5b1e2c586e2,Grocery Store,
28,1.379236919903747,103.90385867995874,Giant Super,4d3bcb9a63052d436cd2abc5,Supermarket,
28,1.379236919903747,103.90385867995874,KTM-11 Supermart,4c9ec1b0542b224b2698f79f,Convenience Store,
28,1.379236919903747,103.90385867995874,Seng Kang Secondary School,4bd4264177b29c74f22c9282,High School,
28,1.379236919903747,103.90385867995874,7-Eleven,51fdf3c1498e320d005ec08e,Convenience Store,
28,1.379236919903747,103.90385867995874,Blk 119A Rivervale Drive,4b7ea630f964a5202ef72fe3,Residential Building (Apartment / Condo),
28,1.379236919903747,103.90385867995874,Mavis Tutorial Centre,4c8aee543dc2a1cda6e6b132,General College & University,
28,1.379236919903747,103.90385867995874,Nativity Church Kindergarten,4c1db557b4e62d7fc847dd93,General College & University,
28,1.379236919903747,103.90385867995874,Cordova Education Centre,4cb911b143ec6dcb2fc69a31,College Classroom,
28,1.379236919903747,103.90385867995874,North Vista Parade Square,4d531facd3dc236abd594a67,College Auditorium,
28,1.379236919903747,103.90385867995874,"Computer Lab 3, Level 3",4d3f6ee689616dcbac30fab4,College Lab,
28,1.379236919903747,103.90385867995874,Serangoon Secondary School (Learning Hub),4e0d5a2e18a8bf9784c248fa,College Library,
28,1.379236919903747,103.90385867995874,North Vista Library,4d53719cbbbf3704de203578,College Library,
28,1.379236919903747,103.90385867995874,Canteen@Serangoon Secondary,4d2f84f17791224b5474c842,Coffee Shop,
28,1.379236919903747,103.90385867995874,NV's LectureTheatre,4d4768354e7a6ea821306b32,College Theater,
28,1.379236919903747,103.90385867995874,North Vista Canteen,4d350584329e5481bf85c71d,College Cafeteria,
28,1.379236919903747,103.90385867995874,Punggol Park Community Club,4cac6b5436fa6dcbef29de78,Fraternity House,
29,1.3599356215213358,103.98629128014842,Jewel Changi Airport,5aae65de46e1b60bae744790,Shopping Mall,
29,1.3599356215213358,103.98629128014842,Fairprice Fínest,5365fbc4498e82a0e4ca5981,Supermarket,
29,1.3599356215213358,103.98629128014842,Terminal 3 Basement 2 Mall,4bf667fd9abec9b69ab225e8,Department Store,
29,1.3599356215213358,103.98629128014842,FairPrice Finest,5caedc1465211f002c643203,Supermarket,
29,1.3599356215213358,103.98629128014842,Movie Theatre | Terminal 3,4d656d47072a6ea8563dfd4d,Movie Theater,
29,1.3599356215213358,103.98629128014842,Shaw Theatres,5caf45df4940bc002cb21622,Multiplex,
29,1.3599356215213358,103.98629128014842,Hermès,4e84531d8b81aeeb0e89e3a0,Shopping Mall,
29,1.3599356215213358,103.98629128014842,7-Eleven Terminal 3,57c04feb498ecb6f86c4c22e,Convenience Store,
29,1.3599356215213358,103.98629128014842,Watson's,4c1dcd3a63750f47aae0b867,Pharmacy,
29,1.3599356215213358,103.98629128014842,Bata,4e2bea2018a80bb0585e8ea2,Department Store,
29,1.3599356215213358,103.98629128014842,Cheers,4d94f669bee841bd55c87f3e,Convenience Store,
29,1.3599356215213358,103.98629128014842,Marks & Spencer Food,5cc98dc8f96b2c002c6eee3d,Supermarket,
29,1.3599356215213358,103.98629128014842,Cheers,4bf9b1018d30d13a56aa0218,Convenience Store,
29,1.3599356215213358,103.98629128014842,7-11@Terminal 1,4f1ef96ce4b03ae365cc02ba,Convenience Store,
29,1.3599356215213358,103.98629128014842,7-Eleven,4f927824754a9a8df265d10b,Convenience Store,
29,1.3599356215213358,103.98629128014842,Cold Storage,4f8914b0e4b0e6f34835023f,Grocery Store,
29,1.3599356215213358,103.98629128014842,3-TOP,4b077bf2f964a5200dfe22e3,Shopping Mall,
29,1.3599356215213358,103.98629128014842,Harrods,4bbc2459afe1b713ed21304b,Department Store,
29,1.3599356215213358,103.98629128014842,"Cheers, Changi Airport T3",4da57d6b93a01f42fac6dcb0,Convenience Store,
29,1.3599356215213358,103.98629128014842,FairPrice Supermarket,560bd4db498ef1f3836db11d,Supermarket,
29,1.3599356215213358,103.98629128014842,Cheers,4bfb0460565f76b0270105db,Convenience Store,
29,1.3599356215213358,103.98629128014842,7-Eleven,5829c8b8952467476e2dd6a2,Convenience Store,
29,1.3599356215213358,103.98629128014842,NTUC FairPrice,4bfc6f7dd6f2c9b67f3e4fc8,Grocery Store,
29,1.3599356215213358,103.98629128014842,Bottega Veneta @ T-1,5090c000e4b06966e39f076b,Shopping Mall,
29,1.3599356215213358,103.98629128014842,T1 Coach Stand,4c4db4e6d667d13add5a479f,Department Store,
29,1.3599356215213358,103.98629128014842,Watsons,4cf92ebb3875b1f78c0a983c,Pharmacy,
29,1.3599356215213358,103.98629128014842,Relay,4deee6f145dd29e2689328ef,Bookstore,
29,1.3599356215213358,103.98629128014842,WHSmith,5afef470345cbe002c6b3915,Newsstand,
29,1.3599356215213358,103.98629128014842,iShopChangi Collection Centre,5175fe4ae4b056ce8f3c7ede,Shopping Mall,
29,1.3599356215213358,103.98629128014842,Entertainment Deck Terminal 2,51b6ebb2498e1d02e7b47c64,Movie Theater,
29,1.3599356215213358,103.98629128014842,7-Eleven,55901813498e334417c48785,Convenience Store,
29,1.3599356215213358,103.98629128014842,Heavenly Wang,4c26e6873703d13a5149a636,Café,
30,1.2843734533616802,103.79099706749933,Shell Pasir Panjang 168,4bc52b396c26b713df0bebf3,Gas Station,
30,1.2843734533616802,103.79099706749933,Food Joy,4c01c937f8492d7ffd785ffa,Grocery Store,
30,1.2843734533616802,103.79099706749933,Food Joy Pte Ltd,50a0ddc0e4b0fe0aa69307ed,Convenience Store,
30,1.2843734533616802,103.79099706749933,Cheers,4d94f6c9bee841bd1fcb7f3e,Convenience Store,
30,1.2843734533616802,103.79099706749933,7-Eleven,4bac39caf964a5200dec3ae3,Grocery Store,
30,1.2843734533616802,103.79099706749933,The Village Centre,4b1e2784f964a520a31724e3,Shopping Mall,
30,1.2843734533616802,103.79099706749933,Shell,50a997a3e4b069239ea3e349,Gas Station,
30,1.2843734533616802,103.79099706749933,Nacli Tanah Merah Rooms,4cec68b2f368b1f7684b75f7,College Classroom,
30,1.2843734533616802,103.79099706749933,Thinking Terrace @ NACLI,4cf6657364e3721e3af120c8,College Classroom,
30,1.2843734533616802,103.79099706749933,Campus Mall @ NACLI,4e0eac5dfa76d62f444b9db2,College Cafeteria,
30,1.2843734533616802,103.79099706749933,Dinning Hall,4cdc8aacc409b60cee37db1a,College Cafeteria,
33,1.3187535820327367,103.75431351351351,Central @ Parkway Parade,4b6413bcf964a520fd9d2ae3,Shopping Mall,
33,1.3187535820327367,103.75431351351351,Park West Mama Shop,4d867c9b8de9721eeb0c5c51,Grocery Store,
33,1.3187535820327367,103.75431351351351,Econ Shop,4d2eb32cad3a8cfa58a496bd,Grocery Store,
33,1.3187535820327367,103.75431351351351,Pandan Gardens Mall,4bd7a1edf645c9b6227ca6e0,Shopping Mall,
33,1.3187535820327367,103.75431351351351,Nan Hua Primary School,4b4615b0f964a520e01526e3,Elementary School,
33,1.3187535820327367,103.75431351351351,7-Eleven,52da78b6498e93a4fc2e8503,Convenience Store,
33,1.3187535820327367,103.75431351351351,The Japanese School (日本人学校) (Secondary - West Coast Campus),4b821bd0f964a520beca30e3,School,
33,1.3187535820327367,103.75431351351351,CTSS Hall,4d3902b7acf1b60c94ad8618,High School,
33,1.3187535820327367,103.75431351351351,FairPrice,50f1606de4b0fbda3a539aa8,Convenience Store,
33,1.3187535820327367,103.75431351351351,Fried Cockles Kway Teow,5bb018b3a0215b002c183dc0,Market,
33,1.3187535820327367,103.75431351351351,Clementi Town Secondary School,4bc97f560687ef3b9d11dacc,High School,
33,1.3187535820327367,103.75431351351351,Justfresh Supermarket,4d2fd80c236aa143f1ad4eeb,Grocery Store,
33,1.3187535820327367,103.75431351351351,Budget Value (BC Mart),4d0c3e2d3905b1f7b250934b,Miscellaneous Shop,
33,1.3187535820327367,103.75431351351351,Qifa Primary School,4b593084f964a520b18028e3,School,
33,1.3187535820327367,103.75431351351351,Clementi town secondary school quadrangle,4d59bc6f1d6cf04dcc923afe,College Classroom,
33,1.3187535820327367,103.75431351351351,CTSS Nexus,4d3fc68badb6236ad13b8240,College Classroom,
33,1.3187535820327367,103.75431351351351,Library,4d425e78f0dba1cde0bc3249,College Library,
33,1.3187535820327367,103.75431351351351,Onyx MMA,54a0e23a498ee641a56f197c,College Gym,
34,1.418069013853441,103.8970163507109,Sheng Siong Supermarket,554f6e44498eafc2608c076b,Market,
34,1.418069013853441,103.8970163507109,St Francis Xavier Major Seminary,4bff0b7968c7a593651d4044,General College & University,
34,1.418069013853441,103.8970163507109,Punggol 17th,4c6adbc07c052d7f113428cf,Student Center,
35,1.3143983949152558,103.78521400635593,Cold Storage,4b3d80f5f964a520f99425e3,Supermarket,
35,1.3143983949152558,103.78521400635593,The Star Vista,4ec4a1b1e5fa74ea530619fc,Shopping Mall,
35,1.3143983949152558,103.78521400635593,Jelita Shopping Centre,4bd28a22caff95216a25d3f0,Shopping Mall,
35,1.3143983949152558,103.78521400635593,Sheng Siong Supermarket,50de9925e4b0c9707c785ee6,Supermarket,
35,1.3143983949152558,103.78521400635593,Henry Park Primary School,4b67b0b3f964a520ea5a2be3,Elementary School,
35,1.3143983949152558,103.78521400635593,Phoon Huat & Co,53d22c9a498e5886c0ea94be,Kitchen Supply Store,
35,1.3143983949152558,103.78521400635593,Shop & Save,4ec7b17a775bf65c03a95d9b,Grocery Store,
35,1.3143983949152558,103.78521400635593,Buona Vista Xchange,4d553f9548ea6ea8bdded2a3,Shopping Mall,
35,1.3143983949152558,103.78521400635593,Giant Express,4c0c922e2466a593b54e7621,Grocery Store,
35,1.3143983949152558,103.78521400635593,7-Eleven,4d9c665148b6224b7c160c9f,Convenience Store,
35,1.3143983949152558,103.78521400635593,Cheers,4ba0bd23f964a520647a37e3,Convenience Store,
35,1.3143983949152558,103.78521400635593,The Seafood Market Place by Song Fish,54a550aa498e0326ab2fedaa,Market,
35,1.3143983949152558,103.78521400635593,Spectrum,4d11acf0396ba0930071cfb2,College Quad,
35,1.3143983949152558,103.78521400635593,Cold Storage,5034e27ac84cd58dda534d54,Supermarket,
35,1.3143983949152558,103.78521400635593,Singapore Polytechnic SMA Building,4c7b32a02d3ba1433cb993d0,College Academic Building,
35,1.3143983949152558,103.78521400635593,Singapore Polytechnic (SP) T1A68,4dabd8c58154abafc2cb846b,College Academic Building,
35,1.3143983949152558,103.78521400635593,PACE Academy,4c3c1c657d002d7f9205ae18,College Academic Building,
35,1.3143983949152558,103.78521400635593,Singapore Polytechnic T1A,4c2c0aa6d1a10f4732fff864,College Academic Building,
35,1.3143983949152558,103.78521400635593,Singapore Maritime Academy @ SP,4c11b285d917c9288d48b662,College Academic Building,
35,1.3143983949152558,103.78521400635593,T11B507,4daba776a86e771ea73ec105,College Academic Building,
35,1.3143983949152558,103.78521400635593,Singapore Polytechnic,556c0721498eb674c139167d,College Academic Building,
35,1.3143983949152558,103.78521400635593,Civil Service College,4b6c0f16f964a520ca212ce3,College Academic Building,
35,1.3143983949152558,103.78521400635593,SP Design School,55166729498e5a1b33b5a7d3,College Academic Building,
35,1.3143983949152558,103.78521400635593,Singapore Polytechnic T825,4d001c7a1fcef04de5dfc8b9,College Academic Building,
35,1.3143983949152558,103.78521400635593,Singapore Polytechnic T18,4be3bf9221d5a5938df61911,College Academic Building,
35,1.3143983949152558,103.78521400635593,SP Business School,4cf85594d1dd721eb691a29b,College Academic Building,
35,1.3143983949152558,103.78521400635593,Poly Centre @ SP,4cecd73b13aea1436471639f,College Academic Building,
35,1.3143983949152558,103.78521400635593,Singapore Polytechnic T242,4ce60d8efe90a35dc212340e,College Classroom,
35,1.3143983949152558,103.78521400635593,T11B308 @ Singapore Polytechnic,4cc5148591413704c125c755,College Classroom,
35,1.3143983949152558,103.78521400635593,Singapore Polytechnic (SP),4bbf1292ba9776b0697efec8,General College & University,
35,1.3143983949152558,103.78521400635593,Singapore Polytechnic T3A01,4cbd5506035d236ac553ea4e,College Classroom,
35,1.3143983949152558,103.78521400635593,T624@SP,4cc66927d43ba143bedf73f8,College Classroom,
35,1.3143983949152558,103.78521400635593,Singapore Polytechnic T1553,4d2a803f3c795481d50be19b,College Classroom,
35,1.3143983949152558,103.78521400635593,T1643,4e1506e9a809f31f66a35716,College Classroom,
35,1.3143983949152558,103.78521400635593,Singapore Polytechnic T1561,4cdb4092fc973704b805ce05,College Classroom,
35,1.3143983949152558,103.78521400635593,School of Architecture and the Built Environment (ABE),4f0a4855e4b039f5aedd267e,General College & University,
35,1.3143983949152558,103.78521400635593,W415 Archi studios,4dae358b4b229076786335d1,College Classroom,
35,1.3143983949152558,103.78521400635593,T1644 @ Singapore Polytechnic,4ce5ceadbaa6a1cd18d91d6c,College Classroom,
35,1.3143983949152558,103.78521400635593,Singapore Polytechnic T531,4ce21867f8a4a1434aaceebc,College Classroom,
35,1.3143983949152558,103.78521400635593,T11 Square,4dae61f50cb65a8b0d1a17e1,College Science Building,
37,1.2816921983418426,103.86516586734692,The Shoppes at Marina Bay Sands,4bd6b4925631c9b60239a630,Shopping Mall,
37,1.2816921983418426,103.86516586734692,+5 Degrees,511873bae4b0446be7726213,Movie Theater,
37,1.2816921983418426,103.86516586734692,Prada,4d1ca0fb09546dcb4dd7d338,Shopping Mall,
37,1.2816921983418426,103.86516586734692,Hermes,4d1ed91db69c6dcb8c726295,Boutique,
37,1.2816921983418426,103.86516586734692,Fantasy Theatre,5cc44b1531fd140039219997,Theater,
37,1.2816921983418426,103.86516586734692,Jasons Deli,5cee2bbf8f90d90023772d0f,Supermarket,
37,1.2816921983418426,103.86516586734692,Onsen @ Marina Bay Sands,4e56ec27091a6995cd71f77f,Shopping Mall,
37,1.2816921983418426,103.86516586734692,Sands Expo & Convention Centre,4b9499aaf964a520677e34e3,Convention Center,
37,1.2816921983418426,103.86516586734692,7-Eleven,4e54fa91fa761d3de842ec53,Convenience Store,
37,1.2816921983418426,103.86516586734692,Robinsons,4e0ec20ba8099e15260c6ca2,Department Store,
37,1.2816921983418426,103.86516586734692,Cold Storage Specialty,4d6f89b9516b8cfa2af75210,Grocery Store,
37,1.2816921983418426,103.86516586734692,Crumpler,4cea4023e1eeb60c4c2eadae,Accessories Store,
37,1.2816921983418426,103.86516586734692,Evisu,4eba43d1e300cf4cac2f49e4,Boutique,
37,1.2816921983418426,103.86516586734692,Longchamp,4d3e6f1e6b3d236a66ad7264,Boutique,
37,1.2816921983418426,103.86516586734692,7-Eleven,4c558987fd2ea5936e94e92b,Convenience Store,
37,1.2816921983418426,103.86516586734692,Louis Vuitton Island Maison,4e6ca596b993061ea8e39772,Boutique,
37,1.2816921983418426,103.86516586734692,Starbucks Reserve Store,57f31e17498e94f8db1a0fa8,Coffee Shop,
37,1.2816921983418426,103.86516586734692,Magnificent Learning Bay,4cd242d23e043704ba000d7f,College Classroom,
37,1.2816921983418426,103.86516586734692,The Coffee Bean & Tea Leaf Beanstro,4bfb8d0265fbc9b62e88916c,Café,
37,1.2816921983418426,103.86516586734692,Food Kiosks @ Marina Bay Sands,4c55158df5f3d13abfc52afb,Food Court,
38,1.3631777770681717,103.82532088638052,Peirce Secondary School,4becc916d5510f479a0ccd6c,High School,
38,1.3631777770681717,103.82532088638052,Cheers,4d94f6ccbee841bd7fcb7f3e,Convenience Store,
38,1.3631777770681717,103.82532088638052,First Supermarket @ Blk 403 Sin Ming Ave,4cf9d67fc51fa1cd0357dd2b,Grocery Store,
38,1.3631777770681717,103.82532088638052,eXcel Room,4d8ad9c6d85f37046db607dc,High School,
38,1.3631777770681717,103.82532088638052,Ai Tong School,4b80abc1f964a520228530e3,School,
38,1.3631777770681717,103.82532088638052,Library @ Peirce,4e51ea8f6284416669b0b39a,College Library,
38,1.3631777770681717,103.82532088638052,iSpark - PSS,4e7a87ffb8f789171f02e2a1,College Classroom,
38,1.3631777770681717,103.82532088638052,4A2 2013 homeroom,50e65984e4b01e7fd878037d,College Classroom,
38,1.3631777770681717,103.82532088638052,AVA Theaterette,4da51d1b7ccc816e3db7a07b,College Auditorium,
39,1.312898966588966,103.70548717948719,The Village @ Jurong Hill,4c1e02ccb9f876b093707e46,Shopping Mall,
39,1.312898966588966,103.70548717948719,Breeding and Research Centre,4fdc44c0e4b02cb4ec4bd52d,Student Center,
